-- ================================================================
-- IDB Sample Data
-- Bài tập lớn Kho dữ liệu - INT1422
-- CSDL: PostgreSQL
-- ================================================================
-- Mô tả: Dữ liệu mẫu cho tất cả các bảng IDB
-- Chạy sau khi đã chạy idb_schema.sql
-- ================================================================

-- ================================================================
-- 1. VAN_PHONG_DAI_DIEN (10 thành phố)
-- ================================================================
INSERT INTO van_phong_dai_dien (ma_thanh_pho, ten_thanh_pho, dia_chi_vp, bang) VALUES
('TP01', 'Hà Nội',       '123 Trần Hưng Đạo, Hoàn Kiếm',     'Miền Bắc'),
('TP02', 'Hồ Chí Minh',  '456 Nguyễn Huệ, Quận 1',           'Miền Nam'),
('TP03', 'Đà Nẵng',      '789 Bạch Đằng, Hải Châu',          'Miền Trung'),
('TP04', 'Hải Phòng',    '101 Lạch Tray, Ngô Quyền',         'Miền Bắc'),
('TP05', 'Cần Thơ',      '202 Hòa Bình, Ninh Kiều',          'Miền Nam'),
('TP06', 'Huế',          '303 Lê Lợi, Phú Hội',              'Miền Trung'),
('TP07', 'Nha Trang',    '404 Trần Phú, Lộc Thọ',            'Miền Trung'),
('TP08', 'Vũng Tàu',     '505 Thùy Vân, Phường 2',            'Miền Nam'),
('TP09', 'Đà Lạt',       '606 Trần Phú, Phường 3',            'Miền Trung'),
('TP10', 'Quảng Ninh',   '707 Hạ Long, Bãi Cháy',            'Miền Bắc');

-- ================================================================
-- 2. CUA_HANG (20 cửa hàng, 2 mỗi thành phố)
-- ================================================================
INSERT INTO cua_hang (ma_cua_hang, ma_thanh_pho, so_dien_thoai) VALUES
('CH01', 'TP01', '024-3825-1111'),
('CH02', 'TP01', '024-3825-2222'),
('CH03', 'TP02', '028-3822-3333'),
('CH04', 'TP02', '028-3822-4444'),
('CH05', 'TP03', '0236-382-5555'),
('CH06', 'TP03', '0236-382-6666'),
('CH07', 'TP04', '0225-382-7777'),
('CH08', 'TP04', '0225-382-8888'),
('CH09', 'TP05', '0292-382-9999'),
('CH10', 'TP05', '0292-382-0000'),
('CH11', 'TP06', '0234-382-1100'),
('CH12', 'TP06', '0234-382-1200'),
('CH13', 'TP07', '0258-382-1300'),
('CH14', 'TP07', '0258-382-1400'),
('CH15', 'TP08', '0254-382-1500'),
('CH16', 'TP08', '0254-382-1600'),
('CH17', 'TP09', '0263-382-1700'),
('CH18', 'TP09', '0263-382-1800'),
('CH19', 'TP10', '0203-382-1900'),
('CH20', 'TP10', '0203-382-2000');

-- ================================================================
-- 3. MAT_HANG (15 mặt hàng)
-- ================================================================
INSERT INTO mat_hang (ma_mat_hang, mo_ta, kich_co, trong_luong, gia) VALUES
('MH01', 'Áo thun nam cổ tròn',     'M',  0.20,  150000.00),
('MH02', 'Áo thun nam cổ bẻ',       'L',  0.25,  200000.00),
('MH03', 'Quần jeans nam slim fit',  '32', 0.50,  450000.00),
('MH04', 'Giày sneaker trắng',      '42', 0.80,  850000.00),
('MH05', 'Balo laptop 15 inch',     'L',  1.20,  650000.00),
('MH06', 'Mũ lưỡi trai thể thao',  'F',  0.15,  120000.00),
('MH07', 'Kính mát thời trang',     'F',  0.10,  350000.00),
('MH08', 'Ví da nam cao cấp',       'M',  0.30,  550000.00),
('MH09', 'Đồng hồ thể thao',       'F',  0.25,  1200000.00),
('MH10', 'Áo khoác gió nhẹ',       'XL', 0.40,  380000.00),
('MH11', 'Áo sơ mi nữ tay dài',    'S',  0.22,  280000.00),
('MH12', 'Váy liền công sở',       'M',  0.35,  520000.00),
('MH13', 'Túi xách nữ thời trang', 'M',  0.60,  780000.00),
('MH14', 'Dép sandal đi biển',     '40', 0.45,  250000.00),
('MH15', 'Thắt lưng da bò thật',   'F',  0.20,  420000.00);

-- ================================================================
-- 4. KHACH_HANG (30 khách hàng)
-- ================================================================
INSERT INTO khach_hang (ma_kh, ten_kh, ma_thanh_pho, ngay_dh_dau_tien) VALUES
('KH01', 'Nguyễn Văn An',     'TP01', '2024-01-15'),
('KH02', 'Trần Thị Bình',     'TP01', '2024-02-20'),
('KH03', 'Lê Hoàng Cường',    'TP02', '2024-01-10'),
('KH04', 'Phạm Minh Đức',     'TP02', '2024-03-05'),
('KH05', 'Hoàng Thị Hoa',     'TP03', '2024-02-14'),
('KH06', 'Vũ Đình Khoa',      'TP03', '2024-04-01'),
('KH07', 'Đặng Thùy Linh',    'TP04', '2024-01-25'),
('KH08', 'Bùi Quốc Minh',     'TP04', '2024-03-18'),
('KH09', 'Ngô Thanh Nga',     'TP05', '2024-02-28'),
('KH10', 'Dương Văn Phú',     'TP05', '2024-05-10'),
('KH11', 'Lý Thị Quỳnh',     'TP06', '2024-01-05'),
('KH12', 'Trịnh Hữu Sang',   'TP06', '2024-04-22'),
('KH13', 'Mai Anh Tú',        'TP07', '2024-03-12'),
('KH14', 'Phan Thị Uyên',     'TP07', '2024-06-01'),
('KH15', 'Châu Minh Vũ',      'TP08', '2024-02-08'),
('KH16', 'Hà Thị Xuân',       'TP08', '2024-05-15'),
('KH17', 'Đinh Công Yên',     'TP09', '2024-01-30'),
('KH18', 'Tạ Thị Ánh',        'TP09', '2024-04-10'),
('KH19', 'Lưu Văn Bảo',       'TP10', '2024-03-20'),
('KH20', 'Kiều Thị Chi',      'TP10', '2024-06-05'),
('KH21', 'Nguyễn Đăng Dũng',  'TP01', '2024-07-01'),
('KH22', 'Trần Bảo Em',       'TP02', '2024-07-15'),
('KH23', 'Lê Thị Phương',     'TP03', '2024-08-01'),
('KH24', 'Phạm Văn Giang',    'TP04', '2024-08-10'),
('KH25', 'Hoàng Hải',         'TP05', '2024-09-01'),
('KH26', 'Vũ Thị Lan',        'TP06', '2024-09-15'),
('KH27', 'Đặng Quốc Khánh',   'TP07', '2024-10-01'),
('KH28', 'Bùi Thị Mai',       'TP08', '2024-10-20'),
('KH29', 'Ngô Trung Nam',     'TP09', '2024-11-01'),
('KH30', 'Dương Thị Oanh',    'TP10', '2024-11-15');

-- ================================================================
-- 5. KHACH_HANG_DU_LICH (12 khách du lịch)
-- Một số KH thuộc cả 2 loại (overlapping): KH01, KH05, KH13, KH21
-- ================================================================
INSERT INTO khach_hang_du_lich (ma_kh, huong_dan_vien) VALUES
('KH01', 'Nguyễn Hướng Dẫn A'),
('KH03', 'Trần Hướng Dẫn B'),
('KH05', 'Lê Hướng Dẫn C'),
('KH07', 'Phạm Hướng Dẫn D'),
('KH09', 'Hoàng Hướng Dẫn E'),
('KH11', 'Vũ Hướng Dẫn F'),
('KH13', 'Đặng Hướng Dẫn G'),
('KH15', 'Bùi Hướng Dẫn H'),
('KH17', 'Ngô Hướng Dẫn I'),
('KH19', 'Dương Hướng Dẫn J'),
('KH21', 'Lý Hướng Dẫn K'),
('KH23', 'Trịnh Hướng Dẫn L');

-- ================================================================
-- 6. KHACH_HANG_BUU_DIEN (12 khách bưu điện)
-- Overlapping: KH01, KH05, KH13, KH21 thuộc cả du lịch lẫn bưu điện
-- ================================================================
INSERT INTO khach_hang_buu_dien (ma_kh, dia_chi_buu_dien) VALUES
('KH01', '10 Phố Huế, Hai Bà Trưng, Hà Nội'),
('KH02', '20 Giảng Võ, Ba Đình, Hà Nội'),
('KH04', '30 Lý Tự Trọng, Quận 1, HCM'),
('KH05', '40 Nguyễn Văn Linh, Hải Châu, Đà Nẵng'),
('KH06', '50 Hùng Vương, Thanh Khê, Đà Nẵng'),
('KH08', '60 Tô Hiệu, Lê Chân, Hải Phòng'),
('KH10', '70 Trần Hưng Đạo, Ninh Kiều, Cần Thơ'),
('KH12', '80 Hùng Vương, Phú Hội, Huế'),
('KH13', '90 Yersin, Lộc Thọ, Nha Trang'),
('KH14', '100 Nguyễn Thị Minh Khai, Nha Trang'),
('KH16', '110 Trương Công Định, Vũng Tàu'),
('KH21', '120 Cầu Giấy, Hà Nội');

-- ================================================================
-- 7. DON_DAT_HANG (40 đơn hàng)
-- ================================================================
INSERT INTO don_dat_hang (ma_don, ngay_dat_hang, ma_kh) VALUES
('DH01', '2024-01-20', 'KH01'),
('DH02', '2024-02-25', 'KH02'),
('DH03', '2024-01-15', 'KH03'),
('DH04', '2024-03-10', 'KH04'),
('DH05', '2024-02-18', 'KH05'),
('DH06', '2024-04-05', 'KH06'),
('DH07', '2024-01-30', 'KH07'),
('DH08', '2024-03-22', 'KH08'),
('DH09', '2024-03-01', 'KH09'),
('DH10', '2024-05-15', 'KH10'),
('DH11', '2024-01-10', 'KH11'),
('DH12', '2024-04-25', 'KH12'),
('DH13', '2024-03-15', 'KH13'),
('DH14', '2024-06-05', 'KH14'),
('DH15', '2024-02-12', 'KH15'),
('DH16', '2024-05-20', 'KH16'),
('DH17', '2024-02-05', 'KH17'),
('DH18', '2024-04-15', 'KH18'),
('DH19', '2024-03-25', 'KH19'),
('DH20', '2024-06-10', 'KH20'),
('DH21', '2024-07-05', 'KH21'),
('DH22', '2024-07-20', 'KH22'),
('DH23', '2024-08-05', 'KH23'),
('DH24', '2024-08-15', 'KH24'),
('DH25', '2024-09-05', 'KH25'),
('DH26', '2024-09-20', 'KH26'),
('DH27', '2024-10-05', 'KH27'),
('DH28', '2024-10-25', 'KH28'),
('DH29', '2024-11-05', 'KH29'),
('DH30', '2024-11-20', 'KH30'),
-- Khách hàng đặt thêm đơn thứ 2
('DH31', '2024-04-01', 'KH01'),
('DH32', '2024-05-10', 'KH03'),
('DH33', '2024-06-15', 'KH05'),
('DH34', '2024-07-20', 'KH07'),
('DH35', '2024-08-25', 'KH09'),
('DH36', '2024-09-30', 'KH11'),
('DH37', '2024-10-10', 'KH13'),
('DH38', '2024-11-15', 'KH15'),
('DH39', '2024-12-01', 'KH17'),
('DH40', '2024-12-15', 'KH19');

-- ================================================================
-- 8. MAT_HANG_LUU_TRU (mỗi cửa hàng lưu 5-8 mặt hàng)
-- ================================================================
INSERT INTO mat_hang_luu_tru (ma_cua_hang, ma_mat_hang, so_luong_kho) VALUES
-- CH01 (Hà Nội 1)
('CH01', 'MH01', 100), ('CH01', 'MH02', 80),  ('CH01', 'MH03', 50),
('CH01', 'MH04', 30),  ('CH01', 'MH05', 40),  ('CH01', 'MH06', 120),
-- CH02 (Hà Nội 2)
('CH02', 'MH01', 90),  ('CH02', 'MH07', 60),  ('CH02', 'MH08', 45),
('CH02', 'MH09', 20),  ('CH02', 'MH10', 70),  ('CH02', 'MH11', 55),
-- CH03 (HCM 1)
('CH03', 'MH01', 150), ('CH03', 'MH02', 120), ('CH03', 'MH03', 80),
('CH03', 'MH04', 60),  ('CH03', 'MH12', 40),  ('CH03', 'MH13', 35),
-- CH04 (HCM 2)
('CH04', 'MH05', 70),  ('CH04', 'MH06', 100), ('CH04', 'MH07', 50),
('CH04', 'MH08', 55),  ('CH04', 'MH14', 90),  ('CH04', 'MH15', 65),
-- CH05 (Đà Nẵng 1)
('CH05', 'MH01', 60),  ('CH05', 'MH02', 50),  ('CH05', 'MH10', 40),
('CH05', 'MH11', 35),  ('CH05', 'MH12', 25),
-- CH06 (Đà Nẵng 2)
('CH06', 'MH03', 45),  ('CH06', 'MH04', 30),  ('CH06', 'MH13', 20),
('CH06', 'MH14', 55),  ('CH06', 'MH15', 40),
-- CH07 (Hải Phòng 1)
('CH07', 'MH01', 80),  ('CH07', 'MH02', 60),  ('CH07', 'MH05', 35),
('CH07', 'MH06', 90),  ('CH07', 'MH09', 15),
-- CH08 (Hải Phòng 2)
('CH08', 'MH03', 40),  ('CH08', 'MH07', 30),  ('CH08', 'MH08', 25),
('CH08', 'MH10', 50),  ('CH08', 'MH11', 45),
-- CH09 (Cần Thơ 1)
('CH09', 'MH01', 70),  ('CH09', 'MH04', 25),  ('CH09', 'MH05', 30),
('CH09', 'MH12', 20),  ('CH09', 'MH13', 15),
-- CH10 (Cần Thơ 2)
('CH10', 'MH02', 55),  ('CH10', 'MH06', 80),  ('CH10', 'MH14', 60),
('CH10', 'MH15', 35),  ('CH10', 'MH09', 10),
-- CH11 (Huế 1)
('CH11', 'MH01', 45),  ('CH11', 'MH03', 30),  ('CH11', 'MH07', 25),
('CH11', 'MH10', 35),  ('CH11', 'MH11', 40),
-- CH12 (Huế 2)
('CH12', 'MH02', 50),  ('CH12', 'MH04', 20),  ('CH12', 'MH08', 15),
('CH12', 'MH12', 30),  ('CH12', 'MH15', 25),
-- CH13 (Nha Trang 1)
('CH13', 'MH01', 55),  ('CH13', 'MH06', 70),  ('CH13', 'MH07', 40),
('CH13', 'MH14', 80),  ('CH13', 'MH09', 12),
-- CH14 (Nha Trang 2)
('CH14', 'MH02', 40),  ('CH14', 'MH03', 25),  ('CH14', 'MH05', 20),
('CH14', 'MH13', 18),  ('CH14', 'MH10', 30),
-- CH15 (Vũng Tàu 1)
('CH15', 'MH01', 65),  ('CH15', 'MH04', 35),  ('CH15', 'MH06', 50),
('CH15', 'MH14', 70),  ('CH15', 'MH15', 30),
-- CH16 (Vũng Tàu 2)
('CH16', 'MH02', 45),  ('CH16', 'MH05', 25),  ('CH16', 'MH08', 20),
('CH16', 'MH11', 35),  ('CH16', 'MH12', 28),
-- CH17 (Đà Lạt 1)
('CH17', 'MH01', 40),  ('CH17', 'MH10', 55),  ('CH17', 'MH11', 45),
('CH17', 'MH03', 20),  ('CH17', 'MH07', 15),
-- CH18 (Đà Lạt 2)
('CH18', 'MH02', 35),  ('CH18', 'MH12', 22),  ('CH18', 'MH13', 18),
('CH18', 'MH09', 8),   ('CH18', 'MH15', 20),
-- CH19 (Quảng Ninh 1)
('CH19', 'MH01', 50),  ('CH19', 'MH06', 60),  ('CH19', 'MH07', 35),
('CH19', 'MH14', 45),  ('CH19', 'MH04', 22),
-- CH20 (Quảng Ninh 2)
('CH20', 'MH02', 40),  ('CH20', 'MH05', 30),  ('CH20', 'MH08', 25),
('CH20', 'MH10', 38),  ('CH20', 'MH11', 32);

-- ================================================================
-- 9. MAT_HANG_DUOC_DAT (mỗi đơn hàng có 2-4 mặt hàng)
-- ================================================================
INSERT INTO mat_hang_duoc_dat (ma_don, ma_mat_hang, so_luong_dat, gia_dat) VALUES
-- DH01 (KH01 - Hà Nội)
('DH01', 'MH01', 2, 150000.00), ('DH01', 'MH03', 1, 450000.00), ('DH01', 'MH06', 3, 120000.00),
-- DH02 (KH02 - Hà Nội)
('DH02', 'MH07', 1, 350000.00), ('DH02', 'MH08', 1, 550000.00),
-- DH03 (KH03 - HCM)
('DH03', 'MH01', 3, 150000.00), ('DH03', 'MH02', 2, 200000.00), ('DH03', 'MH04', 1, 850000.00),
-- DH04 (KH04 - HCM)
('DH04', 'MH05', 1, 650000.00), ('DH04', 'MH14', 2, 250000.00), ('DH04', 'MH15', 1, 420000.00),
-- DH05 (KH05 - Đà Nẵng)
('DH05', 'MH01', 2, 150000.00), ('DH05', 'MH10', 1, 380000.00), ('DH05', 'MH11', 2, 280000.00),
-- DH06 (KH06 - Đà Nẵng)
('DH06', 'MH03', 1, 450000.00), ('DH06', 'MH13', 1, 780000.00),
-- DH07 (KH07 - Hải Phòng)
('DH07', 'MH01', 4, 150000.00), ('DH07', 'MH05', 1, 650000.00), ('DH07', 'MH06', 2, 120000.00),
-- DH08 (KH08 - Hải Phòng)
('DH08', 'MH03', 1, 450000.00), ('DH08', 'MH07', 1, 350000.00), ('DH08', 'MH10', 2, 380000.00),
-- DH09 (KH09 - Cần Thơ)
('DH09', 'MH01', 2, 150000.00), ('DH09', 'MH04', 1, 850000.00), ('DH09', 'MH12', 1, 520000.00),
-- DH10 (KH10 - Cần Thơ)
('DH10', 'MH02', 2, 200000.00), ('DH10', 'MH06', 3, 120000.00), ('DH10', 'MH15', 1, 420000.00),
-- DH11 (KH11 - Huế)
('DH11', 'MH01', 1, 150000.00), ('DH11', 'MH03', 1, 450000.00), ('DH11', 'MH11', 2, 280000.00),
-- DH12 (KH12 - Huế)
('DH12', 'MH02', 1, 200000.00), ('DH12', 'MH08', 1, 550000.00),
-- DH13 (KH13 - Nha Trang)
('DH13', 'MH06', 2, 120000.00), ('DH13', 'MH07', 1, 350000.00), ('DH13', 'MH14', 3, 250000.00),
-- DH14 (KH14 - Nha Trang)
('DH14', 'MH02', 2, 200000.00), ('DH14', 'MH09', 1, 1200000.00), ('DH14', 'MH13', 1, 780000.00),
-- DH15 (KH15 - Vũng Tàu)
('DH15', 'MH01', 3, 150000.00), ('DH15', 'MH04', 1, 850000.00), ('DH15', 'MH06', 4, 120000.00),
-- DH16 (KH16 - Vũng Tàu)
('DH16', 'MH05', 1, 650000.00), ('DH16', 'MH11', 1, 280000.00), ('DH16', 'MH12', 1, 520000.00),
-- DH17 (KH17 - Đà Lạt)
('DH17', 'MH01', 2, 150000.00), ('DH17', 'MH10', 2, 380000.00), ('DH17', 'MH07', 1, 350000.00),
-- DH18 (KH18 - Đà Lạt)
('DH18', 'MH02', 1, 200000.00), ('DH18', 'MH12', 1, 520000.00), ('DH18', 'MH15', 1, 420000.00),
-- DH19 (KH19 - Quảng Ninh)
('DH19', 'MH01', 3, 150000.00), ('DH19', 'MH06', 2, 120000.00), ('DH19', 'MH14', 2, 250000.00),
-- DH20 (KH20 - Quảng Ninh)
('DH20', 'MH02', 2, 200000.00), ('DH20', 'MH05', 1, 650000.00), ('DH20', 'MH08', 1, 550000.00),
-- DH21 (KH21 - Hà Nội, đơn 1)
('DH21', 'MH09', 1, 1200000.00), ('DH21', 'MH01', 2, 150000.00),
-- DH22 (KH22 - HCM)
('DH22', 'MH03', 2, 450000.00), ('DH22', 'MH04', 1, 850000.00), ('DH22', 'MH12', 1, 520000.00),
-- DH23 (KH23 - Đà Nẵng)
('DH23', 'MH01', 1, 150000.00), ('DH23', 'MH02', 1, 200000.00), ('DH23', 'MH10', 3, 380000.00),
-- DH24 (KH24 - Hải Phòng)
('DH24', 'MH06', 5, 120000.00), ('DH24', 'MH09', 1, 1200000.00),
-- DH25 (KH25 - Cần Thơ)
('DH25', 'MH01', 2, 150000.00), ('DH25', 'MH13', 1, 780000.00), ('DH25', 'MH05', 1, 650000.00),
-- DH26 (KH26 - Huế)
('DH26', 'MH07', 2, 350000.00), ('DH26', 'MH11', 1, 280000.00), ('DH26', 'MH03', 1, 450000.00),
-- DH27 (KH27 - Nha Trang)
('DH27', 'MH14', 2, 250000.00), ('DH27', 'MH01', 1, 150000.00), ('DH27', 'MH06', 3, 120000.00),
-- DH28 (KH28 - Vũng Tàu)
('DH28', 'MH04', 1, 850000.00), ('DH28', 'MH15', 2, 420000.00),
-- DH29 (KH29 - Đà Lạt)
('DH29', 'MH10', 1, 380000.00), ('DH29', 'MH01', 2, 150000.00), ('DH29', 'MH03', 1, 450000.00),
-- DH30 (KH30 - Quảng Ninh)
('DH30', 'MH02', 1, 200000.00), ('DH30', 'MH07', 1, 350000.00), ('DH30', 'MH08', 1, 550000.00),
-- DH31 (KH01 - đơn 2)
('DH31', 'MH04', 1, 850000.00), ('DH31', 'MH09', 1, 1200000.00),
-- DH32 (KH03 - đơn 2)
('DH32', 'MH05', 1, 650000.00), ('DH32', 'MH13', 1, 780000.00), ('DH32', 'MH15', 1, 420000.00),
-- DH33 (KH05 - đơn 2)
('DH33', 'MH12', 2, 520000.00), ('DH33', 'MH02', 1, 200000.00),
-- DH34 (KH07 - đơn 2)
('DH34', 'MH08', 1, 550000.00), ('DH34', 'MH02', 2, 200000.00), ('DH34', 'MH10', 1, 380000.00),
-- DH35 (KH09 - đơn 2)
('DH35', 'MH06', 3, 120000.00), ('DH35', 'MH14', 2, 250000.00),
-- DH36 (KH11 - đơn 2)
('DH36', 'MH07', 1, 350000.00), ('DH36', 'MH10', 2, 380000.00), ('DH36', 'MH01', 1, 150000.00),
-- DH37 (KH13 - đơn 2)
('DH37', 'MH09', 1, 1200000.00), ('DH37', 'MH01', 3, 150000.00),
-- DH38 (KH15 - đơn 2)
('DH38', 'MH14', 2, 250000.00), ('DH38', 'MH15', 1, 420000.00), ('DH38', 'MH02', 1, 200000.00),
-- DH39 (KH17 - đơn 2)
('DH39', 'MH11', 2, 280000.00), ('DH39', 'MH12', 1, 520000.00),
-- DH40 (KH19 - đơn 2)
('DH40', 'MH04', 1, 850000.00), ('DH40', 'MH07', 2, 350000.00), ('DH40', 'MH01', 1, 150000.00);

-- ================================================================
-- Thống kê dữ liệu mẫu
-- ================================================================
-- van_phong_dai_dien:    10 records (10 thành phố)
-- cua_hang:              20 records (2 CH/thành phố)
-- mat_hang:              15 records
-- khach_hang:            30 records (3 KH/thành phố)
-- khach_hang_du_lich:    12 records
-- khach_hang_buu_dien:   12 records
-- KH thuộc cả 2 loại:   4 records (KH01, KH05, KH13, KH21)
-- don_dat_hang:          40 records
-- mat_hang_luu_tru:      100 records (5 MH/cửa hàng)
-- mat_hang_duoc_dat:     ~110 records (2-4 MH/đơn hàng)
